reg_no,user_no,rec_user_no,reg_date,start_date,end_date,status,view,view_end_date,del_yn,del_date,score_mode,score_a_to_b,score_b_to_a,total_score
556277,519,525,2025-07-07 01:11:40,2025-07-07 01:11:40,2025-07-08 01:11:40,P,N,2025-07-14 01:11:40,N,,single,3.777,,3.777
556278,519,526,2025-07-07 01:11:40,2025-07-07 01:11:40,2025-07-08 01:11:40,P,N,2025-07-14 01:11:40,N,,single,4.976,,4.976
556279,519,535,2025-07-07 01:11:40,2025-07-07 01:11:40,2025-07-08 01:11:40,P,N,2025-07-14 01:11:40,N,,single,3.663,,3.663
556280,519,543,2025-07-07 01:11:40,2025-07-07 01:11:40,2025-07-08 01:11:40,P,N,2025-07-14 01:11:40,N,,single,4.13,,4.13
556281,519,544,2025-07-07 01:11:40,2025-07-07 01:11:40,2025-07-08 01:11:40,P,N,2025-07-14 01:11:40,N,,single,3.552,,3.552
556282,519,568,2025-07-07 01:11:40,2025-07-07 01:11:40,2025-07-08 01:11:40,P,N,2025-07-14 01:11:40,N,,single,3.738,,3.738
556283,519,569,2025-07-07 01:11:40,2025-07-07 01:11:40,2025-07-08 01:11:40,P,N,2025-07-14 01:11:40,N,,single,5.054,,5.054
556284,519,614,2025-07-07 01:11:40,2025-07-07 01:11:40,2025-07-08 01:11:40,P,N,2025-07-14 01:11:40,N,,single,3.139,,3.139
556285,519,618,2025-07-07 01:11:40,2025-07-07 01:11:40,2025-07-08 01:11:40,P,N,2025-07-14 01:11:40,N,,single,3.019,,3.019
556286,519,619,2025-07-07 01:11:40,2025-07-07 01:11:40,2025-07-08 01:11:40,P,N,2025-07-14 01:11:40,N,,single,3.0,,3.0
556287,519,622,2025-07-07 01:11:40,2025-07-07 01:11:40,2025-07-08 01:11:40,P,N,2025-07-14 01:11:40,N,,single,3.187,,3.187
556288,520,535,2025-07-07 01:11:40,2025-07-07 01:11:40,2025-07-08 01:11:40,P,N,2025-07-14 01:11:40,N,,single,3.448,,3.448
556289,520,543,2025-07-07 01:11:40,2025-07-07 01:11:40,2025-07-08 01:11:40,P,N,2025-07-14 01:11:40,N,,single,4.388,,4.388
556290,521,526,2025-07-07 01:11:42,2025-07-07 01:11:42,2025-07-08 01:11:42,P,N,2025-07-14 01:11:42,N,,single,3.973,,3.973
556291,521,529,2025-07-07 01:11:42,2025-07-07 01:11:42,2025-07-08 01:11:42,P,N,2025-07-14 01:11:42,N,,single,4.222,,4.222
556292,521,530,2025-07-07 01:11:42,2025-07-07 01:11:42,2025-07-08 01:11:42,P,N,2025-07-14 01:11:42,N,,single,4.17,,4.17
556293,521,531,2025-07-07 01:11:42,2025-07-07 01:11:42,2025-07-08 01:11:42,P,N,2025-07-14 01:11:42,N,,single,4.125,,4.125
556294,521,532,2025-07-07 01:11:42,2025-07-07 01:11:42,2025-07-08 01:11:42,P,N,2025-07-14 01:11:42,N,,single,4.198,,4.198
556295,521,536,2025-07-07 01:11:42,2025-07-07 01:11:42,2025-07-08 01:11:42,P,N,2025-07-14 01:11:42,N,,single,4.139,,4.139
556296,521,543,2025-07-07 01:11:42,2025-07-07 01:11:42,2025-07-08 01:11:42,P,N,2025-07-14 01:11:42,N,,single,5.033,,5.033
556297,521,544,2025-07-07 01:11:42,2025-07-07 01:11:42,2025-07-08 01:11:42,P,N,2025-07-14 01:11:42,N,,single,4.71,,4.71
556298,521,549,2025-07-07 01:11:42,2025-07-07 01:11:42,2025-07-08 01:11:42,P,N,2025-07-14 01:11:42,N,,single,4.112,,4.112
556299,521,566,2025-07-07 01:11:42,2025-07-07 01:11:42,2025-07-08 01:11:42,P,N,2025-07-14 01:11:42,N,,single,4.171,,4.171
556300,521,568,2025-07-07 01:11:42,2025-07-07 01:11:42,2025-07-08 01:11:42,P,N,2025-07-14 01:11:42,N,,single,5.07,,5.07
556301,521,569,2025-07-07 01:11:42,2025-07-07 01:11:42,2025-07-08 01:11:42,P,N,2025-07-14 01:11:42,N,,single,3.9,,3.9
556302,521,614,2025-07-07 01:11:42,2025-07-07 01:11:42,2025-07-08 01:11:42,P,N,2025-07-14 01:11:42,N,,single,4.32,,4.32
556303,521,617,2025-07-07 01:11:42,2025-07-07 01:11:42,2025-07-08 01:11:42,P,N,2025-07-14 01:11:42,N,,single,4.197,,4.197
556304,521,618,2025-07-07 01:11:42,2025-07-07 01:11:42,2025-07-08 01:11:42,P,N,2025-07-14 01:11:42,N,,single,4.25,,4.25
556305,521,619,2025-07-07 01:11:42,2025-07-07 01:11:42,2025-07-08 01:11:42,P,N,2025-07-14 01:11:42,N,,single,4.168,,4.168
556306,521,620,2025-07-07 01:11:42,2025-07-07 01:11:42,2025-07-08 01:11:42,P,N,2025-07-14 01:11:42,N,,single,4.196,,4.196
556307,521,621,2025-07-07 01:11:42,2025-07-07 01:11:42,2025-07-08 01:11:42,P,N,2025-07-14 01:11:42,N,,single,4.126,,4.126
556308,521,622,2025-07-07 01:11:42,2025-07-07 01:11:42,2025-07-08 01:11:42,P,N,2025-07-14 01:11:42,N,,single,4.35,,4.35
556309,521,700,2025-07-07 01:11:42,2025-07-07 01:11:42,2025-07-08 01:11:42,P,N,2025-07-14 01:11:42,N,,single,4.166,,4.166
556310,521,743,2025-07-07 01:11:42,2025-07-07 01:11:42,2025-07-08 01:11:42,P,N,2025-07-14 01:11:42,N,,single,3.994,,3.994
556311,522,525,2025-07-07 01:11:43,2025-07-07 01:11:43,2025-07-08 01:11:43,P,N,2025-07-14 01:11:43,N,,single,4.283,,4.283
556312,522,526,2025-07-07 01:11:43,2025-07-07 01:11:43,2025-07-08 01:11:43,P,N,2025-07-14 01:11:43,N,,single,4.849,,4.849
556313,522,529,2025-07-07 01:11:43,2025-07-07 01:11:43,2025-07-08 01:11:43,P,N,2025-07-14 01:11:43,N,,single,3.433,,3.433
556314,522,530,2025-07-07 01:11:43,2025-07-07 01:11:43,2025-07-08 01:11:43,P,N,2025-07-14 01:11:43,N,,single,3.482,,3.482
556315,522,531,2025-07-07 01:11:43,2025-07-07 01:11:43,2025-07-08 01:11:43,P,N,2025-07-14 01:11:43,N,,single,3.446,,3.446
556316,522,532,2025-07-07 01:11:43,2025-07-07 01:11:43,2025-07-08 01:11:43,P,N,2025-07-14 01:11:43,N,,single,3.455,,3.455
556317,522,535,2025-07-07 01:11:43,2025-07-07 01:11:43,2025-07-08 01:11:43,P,N,2025-07-14 01:11:43,N,,single,4.025,,4.025
556318,522,536,2025-07-07 01:11:43,2025-07-07 01:11:43,2025-07-08 01:11:43,P,N,2025-07-14 01:11:43,N,,single,3.412,,3.412
556319,522,543,2025-07-07 01:11:43,2025-07-07 01:11:43,2025-07-08 01:11:43,P,N,2025-07-14 01:11:43,N,,single,4.164,,4.164
556320,522,544,2025-07-07 01:11:43,2025-07-07 01:11:43,2025-07-08 01:11:43,P,N,2025-07-14 01:11:43,N,,single,4.026,,4.026
556321,522,549,2025-07-07 01:11:43,2025-07-07 01:11:43,2025-07-08 01:11:43,P,N,2025-07-14 01:11:43,N,,single,3.45,,3.45
556322,522,566,2025-07-07 01:11:43,2025-07-07 01:11:43,2025-07-08 01:11:43,P,N,2025-07-14 01:11:43,N,,single,5.294,,5.294
556323,522,568,2025-07-07 01:11:43,2025-07-07 01:11:43,2025-07-08 01:11:43,P,N,2025-07-14 01:11:43,N,,single,4.716,,4.716
556324,522,569,2025-07-07 01:11:43,2025-07-07 01:11:43,2025-07-08 01:11:43,P,N,2025-07-14 01:11:43,N,,single,5.511,,5.511
556325,522,614,2025-07-07 01:11:43,2025-07-07 01:11:43,2025-07-08 01:11:43,P,N,2025-07-14 01:11:43,N,,single,3.614,,3.614
556326,522,617,2025-07-07 01:11:43,2025-07-07 01:11:43,2025-07-08 01:11:43,P,N,2025-07-14 01:11:43,N,,single,3.418,,3.418
556327,522,618,2025-07-07 01:11:43,2025-07-07 01:11:43,2025-07-08 01:11:43,P,N,2025-07-14 01:11:43,N,,single,3.476,,3.476
556328,522,619,2025-07-07 01:11:43,2025-07-07 01:11:43,2025-07-08 01:11:43,P,N,2025-07-14 01:11:43,N,,single,3.545,,3.545
556329,522,620,2025-07-07 01:11:43,2025-07-07 01:11:43,2025-07-08 01:11:43,P,N,2025-07-14 01:11:43,N,,single,3.443,,3.443
556330,522,621,2025-07-07 01:11:43,2025-07-07 01:11:43,2025-07-08 01:11:43,P,N,2025-07-14 01:11:43,N,,single,3.467,,3.467
556331,522,622,2025-07-07 01:11:43,2025-07-07 01:11:43,2025-07-08 01:11:43,P,N,2025-07-14 01:11:43,N,,single,3.227,,3.227
556332,522,700,2025-07-07 01:11:43,2025-07-07 01:11:43,2025-07-08 01:11:43,P,N,2025-07-14 01:11:43,N,,single,3.493,,3.493
556333,522,743,2025-07-07 01:11:43,2025-07-07 01:11:43,2025-07-08 01:11:43,P,N,2025-07-14 01:11:43,N,,single,3.365,,3.365
556334,548,525,2025-07-07 01:11:45,2025-07-07 01:11:45,2025-07-08 01:11:45,P,N,2025-07-14 01:11:45,N,,single,3.957,,3.957
556335,548,526,2025-07-07 01:11:45,2025-07-07 01:11:45,2025-07-08 01:11:45,P,N,2025-07-14 01:11:45,N,,single,3.272,,3.272
556336,548,529,2025-07-07 01:11:45,2025-07-07 01:11:45,2025-07-08 01:11:45,P,N,2025-07-14 01:11:45,N,,single,5.14,,5.14
556337,548,530,2025-07-07 01:11:45,2025-07-07 01:11:45,2025-07-08 01:11:45,P,N,2025-07-14 01:11:45,N,,single,5.11,,5.11
556338,548,531,2025-07-07 01:11:45,2025-07-07 01:11:45,2025-07-08 01:11:45,P,N,2025-07-14 01:11:45,N,,single,5.036,,5.036
556339,548,532,2025-07-07 01:11:45,2025-07-07 01:11:45,2025-07-08 01:11:45,P,N,2025-07-14 01:11:45,N,,single,5.152,,5.152
556340,548,535,2025-07-07 01:11:45,2025-07-07 01:11:45,2025-07-08 01:11:45,P,N,2025-07-14 01:11:45,N,,single,4.092,,4.092
556341,548,536,2025-07-07 01:11:45,2025-07-07 01:11:45,2025-07-08 01:11:45,P,N,2025-07-14 01:11:45,N,,single,5.041,,5.041
556342,548,543,2025-07-07 01:11:45,2025-07-07 01:11:45,2025-07-08 01:11:45,P,N,2025-07-14 01:11:45,N,,single,4.072,,4.072
556343,548,544,2025-07-07 01:11:45,2025-07-07 01:11:45,2025-07-08 01:11:45,P,N,2025-07-14 01:11:45,N,,single,4.432,,4.432
556344,548,549,2025-07-07 01:11:45,2025-07-07 01:11:45,2025-07-08 01:11:45,P,N,2025-07-14 01:11:45,N,,single,5.038,,5.038
556345,548,566,2025-07-07 01:11:45,2025-07-07 01:11:45,2025-07-08 01:11:45,P,N,2025-07-14 01:11:45,N,,single,3.742,,3.742
556346,548,568,2025-07-07 01:11:45,2025-07-07 01:11:45,2025-07-08 01:11:45,P,N,2025-07-14 01:11:45,N,,single,4.691,,4.691
556347,548,569,2025-07-07 01:11:45,2025-07-07 01:11:45,2025-07-08 01:11:45,P,N,2025-07-14 01:11:45,N,,single,3.587,,3.587
556348,548,614,2025-07-07 01:11:45,2025-07-07 01:11:45,2025-07-08 01:11:45,P,N,2025-07-14 01:11:45,N,,single,4.836,,4.836
556349,548,617,2025-07-07 01:11:45,2025-07-07 01:11:45,2025-07-08 01:11:45,P,N,2025-07-14 01:11:45,N,,single,5.045,,5.045
556350,548,618,2025-07-07 01:11:45,2025-07-07 01:11:45,2025-07-08 01:11:45,P,N,2025-07-14 01:11:45,N,,single,5.171,,5.171
556351,548,619,2025-07-07 01:11:45,2025-07-07 01:11:45,2025-07-08 01:11:45,P,N,2025-07-14 01:11:45,N,,single,5.025,,5.025
556352,548,620,2025-07-07 01:11:45,2025-07-07 01:11:45,2025-07-08 01:11:45,P,N,2025-07-14 01:11:45,N,,single,5.147,,5.147
556353,548,621,2025-07-07 01:11:45,2025-07-07 01:11:45,2025-07-08 01:11:45,P,N,2025-07-14 01:11:45,N,,single,5.103,,5.103
556354,548,622,2025-07-07 01:11:45,2025-07-07 01:11:45,2025-07-08 01:11:45,P,N,2025-07-14 01:11:45,N,,single,4.775,,4.775
556355,548,700,2025-07-07 01:11:45,2025-07-07 01:11:45,2025-07-08 01:11:45,P,N,2025-07-14 01:11:45,N,,single,5.035,,5.035
556356,548,743,2025-07-07 01:11:45,2025-07-07 01:11:45,2025-07-08 01:11:45,P,N,2025-07-14 01:11:45,N,,single,4.905,,4.905
556357,613,526,2025-07-07 01:11:47,2025-07-07 01:11:47,2025-07-08 01:11:47,P,N,2025-07-14 01:11:47,N,,single,3.323,,3.323
556358,613,543,2025-07-07 01:11:47,2025-07-07 01:11:47,2025-07-08 01:11:47,P,N,2025-07-14 01:11:47,N,,single,4.257,,4.257
556359,613,544,2025-07-07 01:11:47,2025-07-07 01:11:47,2025-07-08 01:11:47,P,N,2025-07-14 01:11:47,N,,single,3.438,,3.438
556360,613,566,2025-07-07 01:11:47,2025-07-07 01:11:47,2025-07-08 01:11:47,P,N,2025-07-14 01:11:47,N,,single,3.187,,3.187
556361,613,568,2025-07-07 01:11:47,2025-07-07 01:11:47,2025-07-08 01:11:47,P,N,2025-07-14 01:11:47,N,,single,4.044,,4.044
556362,613,569,2025-07-07 01:11:47,2025-07-07 01:11:47,2025-07-08 01:11:47,P,N,2025-07-14 01:11:47,N,,single,3.248,,3.248
556363,613,614,2025-07-07 01:11:47,2025-07-07 01:11:47,2025-07-08 01:11:47,P,N,2025-07-14 01:11:47,N,,single,3.037,,3.037
556364,613,622,2025-07-07 01:11:47,2025-07-07 01:11:47,2025-07-08 01:11:47,P,N,2025-07-14 01:11:47,N,,single,3.064,,3.064
556365,714,535,2025-07-07 01:11:47,2025-07-07 01:11:47,2025-07-08 01:11:47,P,N,2025-07-14 01:11:47,N,,single,4.472,,4.472
556366,714,543,2025-07-07 01:11:47,2025-07-07 01:11:47,2025-07-08 01:11:47,P,N,2025-07-14 01:11:47,N,,single,3.893,,3.893
556367,714,566,2025-07-07 01:11:47,2025-07-07 01:11:47,2025-07-08 01:11:47,P,N,2025-07-14 01:11:47,N,,single,3.297,,3.297
556368,714,568,2025-07-07 01:11:47,2025-07-07 01:11:47,2025-07-08 01:11:47,P,N,2025-07-14 01:11:47,N,,single,4.395,,4.395
556369,714,569,2025-07-07 01:11:47,2025-07-07 01:11:47,2025-07-08 01:11:47,P,N,2025-07-14 01:11:47,N,,single,3.077,,3.077
556370,525,519,2025-07-07 01:11:48,2025-07-07 01:11:48,2025-07-08 01:11:48,P,N,2025-07-14 01:11:48,N,,single,3.826,,3.826
556371,525,520,2025-07-07 01:11:48,2025-07-07 01:11:48,2025-07-08 01:11:48,P,N,2025-07-14 01:11:48,N,,single,3.799,,3.799
556372,525,521,2025-07-07 01:11:48,2025-07-07 01:11:48,2025-07-08 01:11:48,P,N,2025-07-14 01:11:48,N,,single,3.014,,3.014
556373,525,522,2025-07-07 01:11:48,2025-07-07 01:11:48,2025-07-08 01:11:48,P,N,2025-07-14 01:11:48,N,,single,4.347,,4.347
556374,525,548,2025-07-07 01:11:48,2025-07-07 01:11:48,2025-07-08 01:11:48,P,N,2025-07-14 01:11:48,N,,single,4.16,,4.16
556375,525,714,2025-07-07 01:11:48,2025-07-07 01:11:48,2025-07-08 01:11:48,P,N,2025-07-14 01:11:48,N,,single,4.729,,4.729
556376,526,519,2025-07-07 01:11:48,2025-07-07 01:11:48,2025-07-08 01:11:48,P,N,2025-07-14 01:11:48,N,,single,4.955,,4.955
556377,526,520,2025-07-07 01:11:48,2025-07-07 01:11:48,2025-07-08 01:11:48,P,N,2025-07-14 01:11:48,N,,single,4.676,,4.676
556378,526,521,2025-07-07 01:11:48,2025-07-07 01:11:48,2025-07-08 01:11:48,P,N,2025-07-14 01:11:48,N,,single,3.967,,3.967
556379,526,522,2025-07-07 01:11:48,2025-07-07 01:11:48,2025-07-08 01:11:48,P,N,2025-07-14 01:11:48,N,,single,4.822,,4.822
556380,526,548,2025-07-07 01:11:48,2025-07-07 01:11:48,2025-07-08 01:11:48,P,N,2025-07-14 01:11:48,N,,single,3.305,,3.305
556381,526,613,2025-07-07 01:11:48,2025-07-07 01:11:48,2025-07-08 01:11:48,P,N,2025-07-14 01:11:48,N,,single,3.153,,3.153
556382,526,714,2025-07-07 01:11:48,2025-07-07 01:11:48,2025-07-08 01:11:48,P,N,2025-07-14 01:11:48,N,,single,3.173,,3.173
556383,529,521,2025-07-07 01:11:49,2025-07-07 01:11:49,2025-07-08 01:11:49,P,N,2025-07-14 01:11:49,N,,single,4.211,,4.211
556384,529,522,2025-07-07 01:11:49,2025-07-07 01:11:49,2025-07-08 01:11:49,P,N,2025-07-14 01:11:49,N,,single,3.433,,3.433
556385,529,548,2025-07-07 01:11:49,2025-07-07 01:11:49,2025-07-08 01:11:49,P,N,2025-07-14 01:11:49,N,,single,5.216,,5.216
556386,529,714,2025-07-07 01:11:49,2025-07-07 01:11:49,2025-07-08 01:11:49,P,N,2025-07-14 01:11:49,N,,single,5.499,,5.499
556387,530,521,2025-07-07 01:11:49,2025-07-07 01:11:49,2025-07-08 01:11:49,P,N,2025-07-14 01:11:49,N,,single,4.158,,4.158
556388,530,522,2025-07-07 01:11:49,2025-07-07 01:11:49,2025-07-08 01:11:49,P,N,2025-07-14 01:11:49,N,,single,3.471,,3.471
556389,530,548,2025-07-07 01:11:49,2025-07-07 01:11:49,2025-07-08 01:11:49,P,N,2025-07-14 01:11:49,N,,single,5.166,,5.166
556390,530,714,2025-07-07 01:11:49,2025-07-07 01:11:49,2025-07-08 01:11:49,P,N,2025-07-14 01:11:49,N,,single,5.5,,5.5
556391,531,521,2025-07-07 01:11:50,2025-07-07 01:11:50,2025-07-08 01:11:50,P,N,2025-07-14 01:11:50,N,,single,4.195,,4.195
556392,531,522,2025-07-07 01:11:50,2025-07-07 01:11:50,2025-07-08 01:11:50,P,N,2025-07-14 01:11:50,N,,single,3.506,,3.506
556393,531,548,2025-07-07 01:11:50,2025-07-07 01:11:50,2025-07-08 01:11:50,P,N,2025-07-14 01:11:50,N,,single,5.141,,5.141
556394,531,714,2025-07-07 01:11:50,2025-07-07 01:11:50,2025-07-08 01:11:50,P,N,2025-07-14 01:11:50,N,,single,5.665,,5.665
556395,532,521,2025-07-07 01:11:50,2025-07-07 01:11:50,2025-07-08 01:11:50,P,N,2025-07-14 01:11:50,N,,single,4.171,,4.171
556396,532,522,2025-07-07 01:11:50,2025-07-07 01:11:50,2025-07-08 01:11:50,P,N,2025-07-14 01:11:50,N,,single,3.455,,3.455
556397,532,548,2025-07-07 01:11:50,2025-07-07 01:11:50,2025-07-08 01:11:50,P,N,2025-07-14 01:11:50,N,,single,5.22,,5.22
556398,532,714,2025-07-07 01:11:50,2025-07-07 01:11:50,2025-07-08 01:11:50,P,N,2025-07-14 01:11:50,N,,single,5.414,,5.414
556399,535,519,2025-07-07 01:11:51,2025-07-07 01:11:51,2025-07-08 01:11:51,P,N,2025-07-14 01:11:51,N,,single,3.679,,3.679
556400,535,520,2025-07-07 01:11:51,2025-07-07 01:11:51,2025-07-08 01:11:51,P,N,2025-07-14 01:11:51,N,,single,3.435,,3.435
556401,535,522,2025-07-07 01:11:51,2025-07-07 01:11:51,2025-07-08 01:11:51,P,N,2025-07-14 01:11:51,N,,single,4.016,,4.016
556402,535,548,2025-07-07 01:11:51,2025-07-07 01:11:51,2025-07-08 01:11:51,P,N,2025-07-14 01:11:51,N,,single,4.218,,4.218
556403,535,714,2025-07-07 01:11:51,2025-07-07 01:11:51,2025-07-08 01:11:51,P,N,2025-07-14 01:11:51,N,,single,4.461,,4.461
556404,536,519,2025-07-07 01:11:51,2025-07-07 01:11:51,2025-07-08 01:11:51,P,N,2025-07-14 01:11:51,N,,single,3.017,,3.017
556405,536,521,2025-07-07 01:11:51,2025-07-07 01:11:51,2025-07-08 01:11:51,P,N,2025-07-14 01:11:51,N,,single,4.23,,4.23
556406,536,522,2025-07-07 01:11:51,2025-07-07 01:11:51,2025-07-08 01:11:51,P,N,2025-07-14 01:11:51,N,,single,3.483,,3.483
556407,536,548,2025-07-07 01:11:51,2025-07-07 01:11:51,2025-07-08 01:11:51,P,N,2025-07-14 01:11:51,N,,single,5.136,,5.136
556408,536,714,2025-07-07 01:11:51,2025-07-07 01:11:51,2025-07-08 01:11:51,P,N,2025-07-14 01:11:51,N,,single,5.587,,5.587
556409,543,519,2025-07-07 01:11:52,2025-07-07 01:11:52,2025-07-08 01:11:52,P,N,2025-07-14 01:11:52,N,,single,4.165,,4.165
556410,543,520,2025-07-07 01:11:52,2025-07-07 01:11:52,2025-07-08 01:11:52,P,N,2025-07-14 01:11:52,N,,single,4.439,,4.439
556411,543,521,2025-07-07 01:11:52,2025-07-07 01:11:52,2025-07-08 01:11:52,P,N,2025-07-14 01:11:52,N,,single,5.116,,5.116
556412,543,522,2025-07-07 01:11:52,2025-07-07 01:11:52,2025-07-08 01:11:52,P,N,2025-07-14 01:11:52,N,,single,4.193,,4.193
556413,543,548,2025-07-07 01:11:52,2025-07-07 01:11:52,2025-07-08 01:11:52,P,N,2025-07-14 01:11:52,N,,single,4.08,,4.08
556414,543,613,2025-07-07 01:11:52,2025-07-07 01:11:52,2025-07-08 01:11:52,P,N,2025-07-14 01:11:52,N,,single,4.222,,4.222
556415,543,714,2025-07-07 01:11:52,2025-07-07 01:11:52,2025-07-08 01:11:52,P,N,2025-07-14 01:11:52,N,,single,3.856,,3.856
556416,544,519,2025-07-07 01:11:52,2025-07-07 01:11:52,2025-07-08 01:11:52,P,N,2025-07-14 01:11:52,N,,single,3.572,,3.572
556417,544,520,2025-07-07 01:11:52,2025-07-07 01:11:52,2025-07-08 01:11:52,P,N,2025-07-14 01:11:52,N,,single,3.411,,3.411
556418,544,521,2025-07-07 01:11:52,2025-07-07 01:11:52,2025-07-08 01:11:52,P,N,2025-07-14 01:11:52,N,,single,4.796,,4.796
556419,544,522,2025-07-07 01:11:52,2025-07-07 01:11:52,2025-07-08 01:11:52,P,N,2025-07-14 01:11:52,N,,single,4.035,,4.035
556420,544,548,2025-07-07 01:11:52,2025-07-07 01:11:52,2025-07-08 01:11:52,P,N,2025-07-14 01:11:52,N,,single,4.535,,4.535
556421,544,613,2025-07-07 01:11:52,2025-07-07 01:11:52,2025-07-08 01:11:52,P,N,2025-07-14 01:11:52,N,,single,3.446,,3.446
556422,549,521,2025-07-07 01:11:53,2025-07-07 01:11:53,2025-07-08 01:11:53,P,N,2025-07-14 01:11:53,N,,single,4.169,,4.169
556423,549,522,2025-07-07 01:11:53,2025-07-07 01:11:53,2025-07-08 01:11:53,P,N,2025-07-14 01:11:53,N,,single,3.488,,3.488
556424,549,548,2025-07-07 01:11:53,2025-07-07 01:11:53,2025-07-08 01:11:53,P,N,2025-07-14 01:11:53,N,,single,5.155,,5.155
556425,549,714,2025-07-07 01:11:53,2025-07-07 01:11:53,2025-07-08 01:11:53,P,N,2025-07-14 01:11:53,N,,single,5.583,,5.583
556426,566,519,2025-07-07 01:11:54,2025-07-07 01:11:54,2025-07-08 01:11:54,P,N,2025-07-14 01:11:54,N,,single,4.798,,4.798
556427,566,520,2025-07-07 01:11:54,2025-07-07 01:11:54,2025-07-08 01:11:54,P,N,2025-07-14 01:11:54,N,,single,5.023,,5.023
556428,566,521,2025-07-07 01:11:54,2025-07-07 01:11:54,2025-07-08 01:11:54,P,N,2025-07-14 01:11:54,N,,single,4.103,,4.103
556429,566,522,2025-07-07 01:11:54,2025-07-07 01:11:54,2025-07-08 01:11:54,P,N,2025-07-14 01:11:54,N,,single,5.198,,5.198
556430,566,548,2025-07-07 01:11:54,2025-07-07 01:11:54,2025-07-08 01:11:54,P,N,2025-07-14 01:11:54,N,,single,3.712,,3.712
556431,566,714,2025-07-07 01:11:54,2025-07-07 01:11:54,2025-07-08 01:11:54,P,N,2025-07-14 01:11:54,N,,single,3.173,,3.173
556432,568,519,2025-07-07 01:11:54,2025-07-07 01:11:54,2025-07-08 01:11:54,P,N,2025-07-14 01:11:54,N,,single,3.695,,3.695
556433,568,520,2025-07-07 01:11:54,2025-07-07 01:11:54,2025-07-08 01:11:54,P,N,2025-07-14 01:11:54,N,,single,4.009,,4.009
556434,568,521,2025-07-07 01:11:54,2025-07-07 01:11:54,2025-07-08 01:11:54,P,N,2025-07-14 01:11:54,N,,single,5.084,,5.084
556435,568,522,2025-07-07 01:11:54,2025-07-07 01:11:54,2025-07-08 01:11:54,P,N,2025-07-14 01:11:54,N,,single,4.646,,4.646
556436,568,548,2025-07-07 01:11:54,2025-07-07 01:11:54,2025-07-08 01:11:54,P,N,2025-07-14 01:11:54,N,,single,4.739,,4.739
556437,568,613,2025-07-07 01:11:54,2025-07-07 01:11:54,2025-07-08 01:11:54,P,N,2025-07-14 01:11:54,N,,single,3.968,,3.968
556438,568,714,2025-07-07 01:11:54,2025-07-07 01:11:54,2025-07-08 01:11:54,P,N,2025-07-14 01:11:54,N,,single,4.297,,4.297
556439,569,519,2025-07-07 01:11:55,2025-07-07 01:11:55,2025-07-08 01:11:55,P,N,2025-07-14 01:11:55,N,,single,4.97,,4.97
556440,569,520,2025-07-07 01:11:55,2025-07-07 01:11:55,2025-07-08 01:11:55,P,N,2025-07-14 01:11:55,N,,single,5.13,,5.13
556441,569,521,2025-07-07 01:11:55,2025-07-07 01:11:55,2025-07-08 01:11:55,P,N,2025-07-14 01:11:55,N,,single,3.869,,3.869
556442,569,522,2025-07-07 01:11:55,2025-07-07 01:11:55,2025-07-08 01:11:55,P,N,2025-07-14 01:11:55,N,,single,5.485,,5.485
556443,569,548,2025-07-07 01:11:55,2025-07-07 01:11:55,2025-07-08 01:11:55,P,N,2025-07-14 01:11:55,N,,single,3.595,,3.595
556444,569,613,2025-07-07 01:11:55,2025-07-07 01:11:55,2025-07-08 01:11:55,P,N,2025-07-14 01:11:55,N,,single,3.093,,3.093
556445,569,714,2025-07-07 01:11:55,2025-07-07 01:11:55,2025-07-08 01:11:55,P,N,2025-07-14 01:11:55,N,,single,3.036,,3.036
556446,614,519,2025-07-07 01:11:55,2025-07-07 01:11:55,2025-07-08 01:11:55,P,N,2025-07-14 01:11:55,N,,single,3.171,,3.171
556447,614,520,2025-07-07 01:11:55,2025-07-07 01:11:55,2025-07-08 01:11:55,P,N,2025-07-14 01:11:55,N,,single,3.023,,3.023
556448,614,521,2025-07-07 01:11:55,2025-07-07 01:11:55,2025-07-08 01:11:55,P,N,2025-07-14 01:11:55,N,,single,4.392,,4.392
556449,614,522,2025-07-07 01:11:55,2025-07-07 01:11:55,2025-07-08 01:11:55,P,N,2025-07-14 01:11:55,N,,single,3.639,,3.639
556450,614,548,2025-07-07 01:11:55,2025-07-07 01:11:55,2025-07-08 01:11:55,P,N,2025-07-14 01:11:55,N,,single,4.945,,4.945
556451,614,613,2025-07-07 01:11:55,2025-07-07 01:11:55,2025-07-08 01:11:55,P,N,2025-07-14 01:11:55,N,,single,3.057,,3.057
556452,614,714,2025-07-07 01:11:55,2025-07-07 01:11:55,2025-07-08 01:11:55,P,N,2025-07-14 01:11:55,N,,single,5.295,,5.295
556453,617,521,2025-07-07 01:11:56,2025-07-07 01:11:56,2025-07-08 01:11:56,P,N,2025-07-14 01:11:56,N,,single,4.25,,4.25
556454,617,522,2025-07-07 01:11:56,2025-07-07 01:11:56,2025-07-08 01:11:56,P,N,2025-07-14 01:11:56,N,,single,3.387,,3.387
556455,617,548,2025-07-07 01:11:56,2025-07-07 01:11:56,2025-07-08 01:11:56,P,N,2025-07-14 01:11:56,N,,single,5.148,,5.148
556456,617,714,2025-07-07 01:11:56,2025-07-07 01:11:56,2025-07-08 01:11:56,P,N,2025-07-14 01:11:56,N,,single,5.496,,5.496
556457,618,519,2025-07-07 01:11:56,2025-07-07 01:11:56,2025-07-08 01:11:56,P,N,2025-07-14 01:11:56,N,,single,3.005,,3.005
556458,618,521,2025-07-07 01:11:56,2025-07-07 01:11:56,2025-07-08 01:11:56,P,N,2025-07-14 01:11:56,N,,single,4.238,,4.238
556459,618,522,2025-07-07 01:11:56,2025-07-07 01:11:56,2025-07-08 01:11:56,P,N,2025-07-14 01:11:56,N,,single,3.485,,3.485
556460,618,548,2025-07-07 01:11:56,2025-07-07 01:11:56,2025-07-08 01:11:56,P,N,2025-07-14 01:11:56,N,,single,5.233,,5.233
556461,618,714,2025-07-07 01:11:56,2025-07-07 01:11:56,2025-07-08 01:11:56,P,N,2025-07-14 01:11:56,N,,single,5.472,,5.472
556462,619,519,2025-07-07 01:11:57,2025-07-07 01:11:57,2025-07-08 01:11:57,P,N,2025-07-14 01:11:57,N,,single,3.019,,3.019
556463,619,521,2025-07-07 01:11:57,2025-07-07 01:11:57,2025-07-08 01:11:57,P,N,2025-07-14 01:11:57,N,,single,4.231,,4.231
556464,619,522,2025-07-07 01:11:57,2025-07-07 01:11:57,2025-07-08 01:11:57,P,N,2025-07-14 01:11:57,N,,single,3.572,,3.572
556465,619,548,2025-07-07 01:11:57,2025-07-07 01:11:57,2025-07-08 01:11:57,P,N,2025-07-14 01:11:57,N,,single,5.072,,5.072
556466,619,714,2025-07-07 01:11:57,2025-07-07 01:11:57,2025-07-08 01:11:57,P,N,2025-07-14 01:11:57,N,,single,5.346,,5.346
556467,620,521,2025-07-07 01:11:57,2025-07-07 01:11:57,2025-07-08 01:11:57,P,N,2025-07-14 01:11:57,N,,single,4.231,,4.231
556468,620,522,2025-07-07 01:11:57,2025-07-07 01:11:57,2025-07-08 01:11:57,P,N,2025-07-14 01:11:57,N,,single,3.448,,3.448
556469,620,548,2025-07-07 01:11:57,2025-07-07 01:11:57,2025-07-08 01:11:57,P,N,2025-07-14 01:11:57,N,,single,5.281,,5.281
556470,620,714,2025-07-07 01:11:57,2025-07-07 01:11:57,2025-07-08 01:11:57,P,N,2025-07-14 01:11:57,N,,single,5.544,,5.544
556471,621,521,2025-07-07 01:11:58,2025-07-07 01:11:58,2025-07-08 01:11:58,P,N,2025-07-14 01:11:58,N,,single,4.153,,4.153
556472,621,522,2025-07-07 01:11:58,2025-07-07 01:11:58,2025-07-08 01:11:58,P,N,2025-07-14 01:11:58,N,,single,3.498,,3.498
556473,621,548,2025-07-07 01:11:58,2025-07-07 01:11:58,2025-07-08 01:11:58,P,N,2025-07-14 01:11:58,N,,single,5.254,,5.254
556474,621,714,2025-07-07 01:11:58,2025-07-07 01:11:58,2025-07-08 01:11:58,P,N,2025-07-14 01:11:58,N,,single,5.367,,5.367
556475,622,519,2025-07-07 01:11:58,2025-07-07 01:11:58,2025-07-08 01:11:58,P,N,2025-07-14 01:11:58,N,,single,3.202,,3.202
556476,622,520,2025-07-07 01:11:58,2025-07-07 01:11:58,2025-07-08 01:11:58,P,N,2025-07-14 01:11:58,N,,single,3.146,,3.146
556477,622,521,2025-07-07 01:11:58,2025-07-07 01:11:58,2025-07-08 01:11:58,P,N,2025-07-14 01:11:58,N,,single,4.432,,4.432
556478,622,522,2025-07-07 01:11:58,2025-07-07 01:11:58,2025-07-08 01:11:58,P,N,2025-07-14 01:11:58,N,,single,3.27,,3.27
556479,622,548,2025-07-07 01:11:58,2025-07-07 01:11:58,2025-07-08 01:11:58,P,N,2025-07-14 01:11:58,N,,single,4.844,,4.844
556480,622,613,2025-07-07 01:11:58,2025-07-07 01:11:58,2025-07-08 01:11:58,P,N,2025-07-14 01:11:58,N,,single,3.049,,3.049
556481,622,714,2025-07-07 01:11:58,2025-07-07 01:11:58,2025-07-08 01:11:58,P,N,2025-07-14 01:11:58,N,,single,5.209,,5.209
556482,700,521,2025-07-07 01:11:59,2025-07-07 01:11:59,2025-07-08 01:11:59,P,N,2025-07-14 01:11:59,N,,single,4.227,,4.227
556483,700,522,2025-07-07 01:11:59,2025-07-07 01:11:59,2025-07-08 01:11:59,P,N,2025-07-14 01:11:59,N,,single,3.552,,3.552
556484,700,548,2025-07-07 01:11:59,2025-07-07 01:11:59,2025-07-08 01:11:59,P,N,2025-07-14 01:11:59,N,,single,5.13,,5.13
556485,700,714,2025-07-07 01:11:59,2025-07-07 01:11:59,2025-07-08 01:11:59,P,N,2025-07-14 01:11:59,N,,single,5.389,,5.389
556486,743,521,2025-07-07 01:11:59,2025-07-07 01:11:59,2025-07-08 01:11:59,P,N,2025-07-14 01:11:59,N,,single,4.055,,4.055
556487,743,522,2025-07-07 01:11:59,2025-07-07 01:11:59,2025-07-08 01:11:59,P,N,2025-07-14 01:11:59,N,,single,3.46,,3.46
556488,743,548,2025-07-07 01:11:59,2025-07-07 01:11:59,2025-07-08 01:11:59,P,N,2025-07-14 01:11:59,N,,single,5.023,,5.023
556489,743,714,2025-07-07 01:11:59,2025-07-07 01:11:59,2025-07-08 01:11:59,P,N,2025-07-14 01:11:59,N,,single,5.741,,5.741
556490,519,525,2025-07-07 01:12:02,2025-07-07 01:12:02,2025-07-08 01:12:02,P,N,2025-07-14 01:12:02,N,,mutual,3.777,3.826,3.802
556491,519,526,2025-07-07 01:12:02,2025-07-07 01:12:02,2025-07-08 01:12:02,P,N,2025-07-14 01:12:02,N,,mutual,4.976,4.955,4.965
556492,519,535,2025-07-07 01:12:02,2025-07-07 01:12:02,2025-07-08 01:12:02,P,N,2025-07-14 01:12:02,N,,mutual,3.663,3.679,3.671
556493,519,543,2025-07-07 01:12:02,2025-07-07 01:12:02,2025-07-08 01:12:02,P,N,2025-07-14 01:12:02,N,,mutual,4.13,4.165,4.147
556494,519,544,2025-07-07 01:12:02,2025-07-07 01:12:02,2025-07-08 01:12:02,P,N,2025-07-14 01:12:02,N,,mutual,3.552,3.572,3.562
556495,519,568,2025-07-07 01:12:02,2025-07-07 01:12:02,2025-07-08 01:12:02,P,N,2025-07-14 01:12:02,N,,mutual,3.738,3.695,3.717
556496,519,569,2025-07-07 01:12:02,2025-07-07 01:12:02,2025-07-08 01:12:02,P,N,2025-07-14 01:12:02,N,,mutual,5.054,4.97,5.012
556497,519,614,2025-07-07 01:12:02,2025-07-07 01:12:02,2025-07-08 01:12:02,P,N,2025-07-14 01:12:02,N,,mutual,3.139,3.171,3.155
556498,519,618,2025-07-07 01:12:02,2025-07-07 01:12:02,2025-07-08 01:12:02,P,N,2025-07-14 01:12:02,N,,mutual,3.019,3.005,3.012
556499,519,619,2025-07-07 01:12:02,2025-07-07 01:12:02,2025-07-08 01:12:02,P,N,2025-07-14 01:12:02,N,,mutual,3.0,3.019,3.01
556500,519,622,2025-07-07 01:12:02,2025-07-07 01:12:02,2025-07-08 01:12:02,P,N,2025-07-14 01:12:02,N,,mutual,3.187,3.202,3.195
556501,520,535,2025-07-07 01:12:03,2025-07-07 01:12:03,2025-07-08 01:12:03,P,N,2025-07-14 01:12:03,N,,mutual,3.448,3.435,3.442
556502,520,543,2025-07-07 01:12:03,2025-07-07 01:12:03,2025-07-08 01:12:03,P,N,2025-07-14 01:12:03,N,,mutual,4.388,4.439,4.413
556503,521,526,2025-07-07 01:12:06,2025-07-07 01:12:06,2025-07-08 01:12:06,P,N,2025-07-14 01:12:06,N,,mutual,3.973,3.967,3.97
556504,521,529,2025-07-07 01:12:06,2025-07-07 01:12:06,2025-07-08 01:12:06,P,N,2025-07-14 01:12:06,N,,mutual,4.222,4.211,4.216
556505,521,530,2025-07-07 01:12:06,2025-07-07 01:12:06,2025-07-08 01:12:06,P,N,2025-07-14 01:12:06,N,,mutual,4.17,4.158,4.164
556506,521,531,2025-07-07 01:12:06,2025-07-07 01:12:06,2025-07-08 01:12:06,P,N,2025-07-14 01:12:06,N,,mutual,4.125,4.195,4.16
556507,521,532,2025-07-07 01:12:06,2025-07-07 01:12:06,2025-07-08 01:12:06,P,N,2025-07-14 01:12:06,N,,mutual,4.198,4.171,4.184
556508,521,536,2025-07-07 01:12:06,2025-07-07 01:12:06,2025-07-08 01:12:06,P,N,2025-07-14 01:12:06,N,,mutual,4.139,4.23,4.184
556509,521,543,2025-07-07 01:12:06,2025-07-07 01:12:06,2025-07-08 01:12:06,P,N,2025-07-14 01:12:06,N,,mutual,5.033,5.116,5.075
556510,521,544,2025-07-07 01:12:06,2025-07-07 01:12:06,2025-07-08 01:12:06,P,N,2025-07-14 01:12:06,N,,mutual,4.71,4.796,4.753
556511,521,549,2025-07-07 01:12:06,2025-07-07 01:12:06,2025-07-08 01:12:06,P,N,2025-07-14 01:12:06,N,,mutual,4.112,4.169,4.14
556512,521,566,2025-07-07 01:12:06,2025-07-07 01:12:06,2025-07-08 01:12:06,P,N,2025-07-14 01:12:06,N,,mutual,4.171,4.103,4.137
556513,521,568,2025-07-07 01:12:06,2025-07-07 01:12:06,2025-07-08 01:12:06,P,N,2025-07-14 01:12:06,N,,mutual,5.07,5.084,5.077
556514,521,569,2025-07-07 01:12:06,2025-07-07 01:12:06,2025-07-08 01:12:06,P,N,2025-07-14 01:12:06,N,,mutual,3.9,3.869,3.885
556515,521,614,2025-07-07 01:12:06,2025-07-07 01:12:06,2025-07-08 01:12:06,P,N,2025-07-14 01:12:06,N,,mutual,4.32,4.392,4.356
556516,521,617,2025-07-07 01:12:06,2025-07-07 01:12:06,2025-07-08 01:12:06,P,N,2025-07-14 01:12:06,N,,mutual,4.197,4.25,4.224
556517,521,618,2025-07-07 01:12:06,2025-07-07 01:12:06,2025-07-08 01:12:06,P,N,2025-07-14 01:12:06,N,,mutual,4.25,4.238,4.244
556518,521,619,2025-07-07 01:12:06,2025-07-07 01:12:06,2025-07-08 01:12:06,P,N,2025-07-14 01:12:06,N,,mutual,4.168,4.231,4.199
556519,521,620,2025-07-07 01:12:06,2025-07-07 01:12:06,2025-07-08 01:12:06,P,N,2025-07-14 01:12:06,N,,mutual,4.196,4.231,4.214
556520,521,621,2025-07-07 01:12:06,2025-07-07 01:12:06,2025-07-08 01:12:06,P,N,2025-07-14 01:12:06,N,,mutual,4.126,4.153,4.139
556521,521,622,2025-07-07 01:12:06,2025-07-07 01:12:06,2025-07-08 01:12:06,P,N,2025-07-14 01:12:06,N,,mutual,4.35,4.432,4.391
556522,521,700,2025-07-07 01:12:06,2025-07-07 01:12:06,2025-07-08 01:12:06,P,N,2025-07-14 01:12:06,N,,mutual,4.166,4.227,4.196
556523,521,743,2025-07-07 01:12:06,2025-07-07 01:12:06,2025-07-08 01:12:06,P,N,2025-07-14 01:12:06,N,,mutual,3.994,4.055,4.024
556524,522,525,2025-07-07 01:12:09,2025-07-07 01:12:09,2025-07-08 01:12:09,P,N,2025-07-14 01:12:09,N,,mutual,4.283,4.347,4.315
556525,522,526,2025-07-07 01:12:09,2025-07-07 01:12:09,2025-07-08 01:12:09,P,N,2025-07-14 01:12:09,N,,mutual,4.849,4.822,4.836
556526,522,529,2025-07-07 01:12:09,2025-07-07 01:12:09,2025-07-08 01:12:09,P,N,2025-07-14 01:12:09,N,,mutual,3.433,3.433,3.433
556527,522,530,2025-07-07 01:12:09,2025-07-07 01:12:09,2025-07-08 01:12:09,P,N,2025-07-14 01:12:09,N,,mutual,3.482,3.471,3.476
556528,522,531,2025-07-07 01:12:09,2025-07-07 01:12:09,2025-07-08 01:12:09,P,N,2025-07-14 01:12:09,N,,mutual,3.446,3.506,3.476
556529,522,532,2025-07-07 01:12:09,2025-07-07 01:12:09,2025-07-08 01:12:09,P,N,2025-07-14 01:12:09,N,,mutual,3.455,3.455,3.455
556530,522,535,2025-07-07 01:12:09,2025-07-07 01:12:09,2025-07-08 01:12:09,P,N,2025-07-14 01:12:09,N,,mutual,4.025,4.016,4.02
556531,522,536,2025-07-07 01:12:09,2025-07-07 01:12:09,2025-07-08 01:12:09,P,N,2025-07-14 01:12:09,N,,mutual,3.412,3.483,3.447
556532,522,543,2025-07-07 01:12:09,2025-07-07 01:12:09,2025-07-08 01:12:09,P,N,2025-07-14 01:12:09,N,,mutual,4.164,4.193,4.179
556533,522,544,2025-07-07 01:12:09,2025-07-07 01:12:09,2025-07-08 01:12:09,P,N,2025-07-14 01:12:09,N,,mutual,4.026,4.035,4.031
556534,522,549,2025-07-07 01:12:09,2025-07-07 01:12:09,2025-07-08 01:12:09,P,N,2025-07-14 01:12:09,N,,mutual,3.45,3.488,3.469
556535,522,566,2025-07-07 01:12:09,2025-07-07 01:12:09,2025-07-08 01:12:09,P,N,2025-07-14 01:12:09,N,,mutual,5.294,5.198,5.246
556536,522,568,2025-07-07 01:12:09,2025-07-07 01:12:09,2025-07-08 01:12:09,P,N,2025-07-14 01:12:09,N,,mutual,4.716,4.646,4.681
556537,522,569,2025-07-07 01:12:09,2025-07-07 01:12:09,2025-07-08 01:12:09,P,N,2025-07-14 01:12:09,N,,mutual,5.511,5.485,5.498
556538,522,614,2025-07-07 01:12:09,2025-07-07 01:12:09,2025-07-08 01:12:09,P,N,2025-07-14 01:12:09,N,,mutual,3.614,3.639,3.626
556539,522,617,2025-07-07 01:12:09,2025-07-07 01:12:09,2025-07-08 01:12:09,P,N,2025-07-14 01:12:09,N,,mutual,3.418,3.387,3.403
556540,522,618,2025-07-07 01:12:09,2025-07-07 01:12:09,2025-07-08 01:12:09,P,N,2025-07-14 01:12:09,N,,mutual,3.476,3.485,3.481
556541,522,619,2025-07-07 01:12:09,2025-07-07 01:12:09,2025-07-08 01:12:09,P,N,2025-07-14 01:12:09,N,,mutual,3.545,3.572,3.558
556542,522,620,2025-07-07 01:12:09,2025-07-07 01:12:09,2025-07-08 01:12:09,P,N,2025-07-14 01:12:09,N,,mutual,3.443,3.448,3.446
556543,522,621,2025-07-07 01:12:09,2025-07-07 01:12:09,2025-07-08 01:12:09,P,N,2025-07-14 01:12:09,N,,mutual,3.467,3.498,3.483
556544,522,622,2025-07-07 01:12:09,2025-07-07 01:12:09,2025-07-08 01:12:09,P,N,2025-07-14 01:12:09,N,,mutual,3.227,3.27,3.248
556545,522,700,2025-07-07 01:12:09,2025-07-07 01:12:09,2025-07-08 01:12:09,P,N,2025-07-14 01:12:09,N,,mutual,3.493,3.552,3.522
556546,522,743,2025-07-07 01:12:09,2025-07-07 01:12:09,2025-07-08 01:12:09,P,N,2025-07-14 01:12:09,N,,mutual,3.365,3.46,3.413
556547,548,525,2025-07-07 01:12:12,2025-07-07 01:12:12,2025-07-08 01:12:12,P,N,2025-07-14 01:12:12,N,,mutual,3.957,4.16,4.059
556548,548,526,2025-07-07 01:12:12,2025-07-07 01:12:12,2025-07-08 01:12:12,P,N,2025-07-14 01:12:12,N,,mutual,3.272,3.305,3.289
556549,548,529,2025-07-07 01:12:12,2025-07-07 01:12:12,2025-07-08 01:12:12,P,N,2025-07-14 01:12:12,N,,mutual,5.14,5.216,5.178
556550,548,530,2025-07-07 01:12:12,2025-07-07 01:12:12,2025-07-08 01:12:12,P,N,2025-07-14 01:12:12,N,,mutual,5.11,5.166,5.138
556551,548,531,2025-07-07 01:12:12,2025-07-07 01:12:12,2025-07-08 01:12:12,P,N,2025-07-14 01:12:12,N,,mutual,5.036,5.141,5.088
556552,548,532,2025-07-07 01:12:12,2025-07-07 01:12:12,2025-07-08 01:12:12,P,N,2025-07-14 01:12:12,N,,mutual,5.152,5.22,5.186
556553,548,535,2025-07-07 01:12:12,2025-07-07 01:12:12,2025-07-08 01:12:12,P,N,2025-07-14 01:12:12,N,,mutual,4.092,4.218,4.155
556554,548,536,2025-07-07 01:12:12,2025-07-07 01:12:12,2025-07-08 01:12:12,P,N,2025-07-14 01:12:12,N,,mutual,5.041,5.136,5.088
556555,548,543,2025-07-07 01:12:12,2025-07-07 01:12:12,2025-07-08 01:12:12,P,N,2025-07-14 01:12:12,N,,mutual,4.072,4.08,4.076
556556,548,544,2025-07-07 01:12:12,2025-07-07 01:12:12,2025-07-08 01:12:12,P,N,2025-07-14 01:12:12,N,,mutual,4.432,4.535,4.484
556557,548,549,2025-07-07 01:12:12,2025-07-07 01:12:12,2025-07-08 01:12:12,P,N,2025-07-14 01:12:12,N,,mutual,5.038,5.155,5.096
556558,548,566,2025-07-07 01:12:12,2025-07-07 01:12:12,2025-07-08 01:12:12,P,N,2025-07-14 01:12:12,N,,mutual,3.742,3.712,3.727
556559,548,568,2025-07-07 01:12:12,2025-07-07 01:12:12,2025-07-08 01:12:12,P,N,2025-07-14 01:12:12,N,,mutual,4.691,4.739,4.715
556560,548,569,2025-07-07 01:12:12,2025-07-07 01:12:12,2025-07-08 01:12:12,P,N,2025-07-14 01:12:12,N,,mutual,3.587,3.595,3.591
556561,548,614,2025-07-07 01:12:12,2025-07-07 01:12:12,2025-07-08 01:12:12,P,N,2025-07-14 01:12:12,N,,mutual,4.836,4.945,4.89
556562,548,617,2025-07-07 01:12:12,2025-07-07 01:12:12,2025-07-08 01:12:12,P,N,2025-07-14 01:12:12,N,,mutual,5.045,5.148,5.097
556563,548,618,2025-07-07 01:12:12,2025-07-07 01:12:12,2025-07-08 01:12:12,P,N,2025-07-14 01:12:12,N,,mutual,5.171,5.233,5.202
556564,548,619,2025-07-07 01:12:12,2025-07-07 01:12:12,2025-07-08 01:12:12,P,N,2025-07-14 01:12:12,N,,mutual,5.025,5.072,5.048
556565,548,620,2025-07-07 01:12:12,2025-07-07 01:12:12,2025-07-08 01:12:12,P,N,2025-07-14 01:12:12,N,,mutual,5.147,5.281,5.214
556566,548,621,2025-07-07 01:12:12,2025-07-07 01:12:12,2025-07-08 01:12:12,P,N,2025-07-14 01:12:12,N,,mutual,5.103,5.254,5.179
556567,548,622,2025-07-07 01:12:12,2025-07-07 01:12:12,2025-07-08 01:12:12,P,N,2025-07-14 01:12:12,N,,mutual,4.775,4.844,4.81
556568,548,700,2025-07-07 01:12:12,2025-07-07 01:12:12,2025-07-08 01:12:12,P,N,2025-07-14 01:12:12,N,,mutual,5.035,5.13,5.083
556569,548,743,2025-07-07 01:12:12,2025-07-07 01:12:12,2025-07-08 01:12:12,P,N,2025-07-14 01:12:12,N,,mutual,4.905,5.023,4.964
556570,613,526,2025-07-07 01:12:15,2025-07-07 01:12:15,2025-07-08 01:12:15,P,N,2025-07-14 01:12:15,N,,mutual,3.323,3.153,3.238
556571,613,543,2025-07-07 01:12:15,2025-07-07 01:12:15,2025-07-08 01:12:15,P,N,2025-07-14 01:12:15,N,,mutual,4.257,4.222,4.239
556572,613,544,2025-07-07 01:12:15,2025-07-07 01:12:15,2025-07-08 01:12:15,P,N,2025-07-14 01:12:15,N,,mutual,3.438,3.446,3.442
556573,613,568,2025-07-07 01:12:15,2025-07-07 01:12:15,2025-07-08 01:12:15,P,N,2025-07-14 01:12:15,N,,mutual,4.044,3.968,4.006
556574,613,569,2025-07-07 01:12:15,2025-07-07 01:12:15,2025-07-08 01:12:15,P,N,2025-07-14 01:12:15,N,,mutual,3.248,3.093,3.171
556575,613,614,2025-07-07 01:12:15,2025-07-07 01:12:15,2025-07-08 01:12:15,P,N,2025-07-14 01:12:15,N,,mutual,3.037,3.057,3.047
556576,613,622,2025-07-07 01:12:15,2025-07-07 01:12:15,2025-07-08 01:12:15,P,N,2025-07-14 01:12:15,N,,mutual,3.064,3.049,3.057
556577,714,535,2025-07-07 01:12:15,2025-07-07 01:12:15,2025-07-08 01:12:15,P,N,2025-07-14 01:12:15,N,,mutual,4.472,4.461,4.466
556578,714,543,2025-07-07 01:12:15,2025-07-07 01:12:15,2025-07-08 01:12:15,P,N,2025-07-14 01:12:15,N,,mutual,3.893,3.856,3.874
556579,714,566,2025-07-07 01:12:15,2025-07-07 01:12:15,2025-07-08 01:12:15,P,N,2025-07-14 01:12:15,N,,mutual,3.297,3.173,3.235
556580,714,568,2025-07-07 01:12:15,2025-07-07 01:12:15,2025-07-08 01:12:15,P,N,2025-07-14 01:12:15,N,,mutual,4.395,4.297,4.346
556581,714,569,2025-07-07 01:12:15,2025-07-07 01:12:15,2025-07-08 01:12:15,P,N,2025-07-14 01:12:15,N,,mutual,3.077,3.036,3.056
556582,525,519,2025-07-07 01:12:16,2025-07-07 01:12:16,2025-07-08 01:12:16,P,N,2025-07-14 01:12:16,N,,mutual,3.826,3.777,3.802
556584,525,522,2025-07-07 01:12:16,2025-07-07 01:12:16,2025-07-08 01:12:16,P,N,2025-07-14 01:12:16,N,,mutual,4.347,4.283,4.315
556585,525,548,2025-07-07 01:12:16,2025-07-07 01:12:16,2025-07-08 01:12:16,P,N,2025-07-14 01:12:16,N,,mutual,4.16,3.957,4.059
556587,526,519,2025-07-07 01:12:17,2025-07-07 01:12:17,2025-07-08 01:12:17,P,N,2025-07-14 01:12:17,N,,mutual,4.955,4.976,4.965
556589,526,521,2025-07-07 01:12:17,2025-07-07 01:12:17,2025-07-08 01:12:17,P,N,2025-07-14 01:12:17,N,,mutual,3.967,3.973,3.97
556590,526,522,2025-07-07 01:12:17,2025-07-07 01:12:17,2025-07-08 01:12:17,P,N,2025-07-14 01:12:17,N,,mutual,4.822,4.849,4.836
556591,526,548,2025-07-07 01:12:17,2025-07-07 01:12:17,2025-07-08 01:12:17,P,N,2025-07-14 01:12:17,N,,mutual,3.305,3.272,3.289
556592,526,613,2025-07-07 01:12:17,2025-07-07 01:12:17,2025-07-08 01:12:17,P,N,2025-07-14 01:12:17,N,,mutual,3.153,3.323,3.238
556594,529,521,2025-07-07 01:12:18,2025-07-07 01:12:18,2025-07-08 01:12:18,P,N,2025-07-14 01:12:18,N,,mutual,4.211,4.222,4.216
556595,529,522,2025-07-07 01:12:18,2025-07-07 01:12:18,2025-07-08 01:12:18,P,N,2025-07-14 01:12:18,N,,mutual,3.433,3.433,3.433
556596,529,548,2025-07-07 01:12:18,2025-07-07 01:12:18,2025-07-08 01:12:18,P,N,2025-07-14 01:12:18,N,,mutual,5.216,5.14,5.178
556598,530,521,2025-07-07 01:12:19,2025-07-07 01:12:19,2025-07-08 01:12:19,P,N,2025-07-14 01:12:19,N,,mutual,4.158,4.17,4.164
556599,530,522,2025-07-07 01:12:19,2025-07-07 01:12:19,2025-07-08 01:12:19,P,N,2025-07-14 01:12:19,N,,mutual,3.471,3.482,3.476
556600,530,548,2025-07-07 01:12:19,2025-07-07 01:12:19,2025-07-08 01:12:19,P,N,2025-07-14 01:12:19,N,,mutual,5.166,5.11,5.138
556602,531,521,2025-07-07 01:12:20,2025-07-07 01:12:20,2025-07-08 01:12:20,P,N,2025-07-14 01:12:20,N,,mutual,4.195,4.125,4.16
556603,531,522,2025-07-07 01:12:20,2025-07-07 01:12:20,2025-07-08 01:12:20,P,N,2025-07-14 01:12:20,N,,mutual,3.506,3.446,3.476
556604,531,548,2025-07-07 01:12:20,2025-07-07 01:12:20,2025-07-08 01:12:20,P,N,2025-07-14 01:12:20,N,,mutual,5.141,5.036,5.088
556606,532,521,2025-07-07 01:12:21,2025-07-07 01:12:21,2025-07-08 01:12:21,P,N,2025-07-14 01:12:21,N,,mutual,4.171,4.198,4.184
556607,532,522,2025-07-07 01:12:21,2025-07-07 01:12:21,2025-07-08 01:12:21,P,N,2025-07-14 01:12:21,N,,mutual,3.455,3.455,3.455
556608,532,548,2025-07-07 01:12:21,2025-07-07 01:12:21,2025-07-08 01:12:21,P,N,2025-07-14 01:12:21,N,,mutual,5.22,5.152,5.186
556610,535,519,2025-07-07 01:12:22,2025-07-07 01:12:22,2025-07-08 01:12:22,P,N,2025-07-14 01:12:22,N,,mutual,3.679,3.663,3.671
556611,535,520,2025-07-07 01:12:22,2025-07-07 01:12:22,2025-07-08 01:12:22,P,N,2025-07-14 01:12:22,N,,mutual,3.435,3.448,3.442
556612,535,522,2025-07-07 01:12:22,2025-07-07 01:12:22,2025-07-08 01:12:22,P,N,2025-07-14 01:12:22,N,,mutual,4.016,4.025,4.02
556613,535,548,2025-07-07 01:12:22,2025-07-07 01:12:22,2025-07-08 01:12:22,P,N,2025-07-14 01:12:22,N,,mutual,4.218,4.092,4.155
556614,535,714,2025-07-07 01:12:22,2025-07-07 01:12:22,2025-07-08 01:12:22,P,N,2025-07-14 01:12:22,N,,mutual,4.461,4.472,4.466
556615,536,521,2025-07-07 01:12:23,2025-07-07 01:12:23,2025-07-08 01:12:23,P,N,2025-07-14 01:12:23,N,,mutual,4.23,4.139,4.184
556616,536,522,2025-07-07 01:12:23,2025-07-07 01:12:23,2025-07-08 01:12:23,P,N,2025-07-14 01:12:23,N,,mutual,3.483,3.412,3.447
556617,536,548,2025-07-07 01:12:23,2025-07-07 01:12:23,2025-07-08 01:12:23,P,N,2025-07-14 01:12:23,N,,mutual,5.136,5.041,5.088
556619,543,519,2025-07-07 01:12:24,2025-07-07 01:12:24,2025-07-08 01:12:24,P,N,2025-07-14 01:12:24,N,,mutual,4.165,4.13,4.147
556620,543,520,2025-07-07 01:12:24,2025-07-07 01:12:24,2025-07-08 01:12:24,P,N,2025-07-14 01:12:24,N,,mutual,4.439,4.388,4.413
556621,543,521,2025-07-07 01:12:24,2025-07-07 01:12:24,2025-07-08 01:12:24,P,N,2025-07-14 01:12:24,N,,mutual,5.116,5.033,5.075
556622,543,522,2025-07-07 01:12:24,2025-07-07 01:12:24,2025-07-08 01:12:24,P,N,2025-07-14 01:12:24,N,,mutual,4.193,4.164,4.179
556623,543,548,2025-07-07 01:12:24,2025-07-07 01:12:24,2025-07-08 01:12:24,P,N,2025-07-14 01:12:24,N,,mutual,4.08,4.072,4.076
556624,543,613,2025-07-07 01:12:24,2025-07-07 01:12:24,2025-07-08 01:12:24,P,N,2025-07-14 01:12:24,N,,mutual,4.222,4.257,4.239
556625,543,714,2025-07-07 01:12:24,2025-07-07 01:12:24,2025-07-08 01:12:24,P,N,2025-07-14 01:12:24,N,,mutual,3.856,3.893,3.874
556626,544,519,2025-07-07 01:12:24,2025-07-07 01:12:24,2025-07-08 01:12:24,P,N,2025-07-14 01:12:24,N,,mutual,3.572,3.552,3.562
556628,544,521,2025-07-07 01:12:24,2025-07-07 01:12:24,2025-07-08 01:12:24,P,N,2025-07-14 01:12:24,N,,mutual,4.796,4.71,4.753
556629,544,522,2025-07-07 01:12:24,2025-07-07 01:12:24,2025-07-08 01:12:24,P,N,2025-07-14 01:12:24,N,,mutual,4.035,4.026,4.031
556630,544,548,2025-07-07 01:12:24,2025-07-07 01:12:24,2025-07-08 01:12:24,P,N,2025-07-14 01:12:24,N,,mutual,4.535,4.432,4.484
556631,544,613,2025-07-07 01:12:24,2025-07-07 01:12:24,2025-07-08 01:12:24,P,N,2025-07-14 01:12:24,N,,mutual,3.446,3.438,3.442
556632,549,521,2025-07-07 01:12:25,2025-07-07 01:12:25,2025-07-08 01:12:25,P,N,2025-07-14 01:12:25,N,,mutual,4.169,4.112,4.14
556633,549,522,2025-07-07 01:12:25,2025-07-07 01:12:25,2025-07-08 01:12:25,P,N,2025-07-14 01:12:25,N,,mutual,3.488,3.45,3.469
556634,549,548,2025-07-07 01:12:25,2025-07-07 01:12:25,2025-07-08 01:12:25,P,N,2025-07-14 01:12:25,N,,mutual,5.155,5.038,5.096
556638,566,521,2025-07-07 01:12:26,2025-07-07 01:12:26,2025-07-08 01:12:26,P,N,2025-07-14 01:12:26,N,,mutual,4.103,4.171,4.137
556639,566,522,2025-07-07 01:12:26,2025-07-07 01:12:26,2025-07-08 01:12:26,P,N,2025-07-14 01:12:26,N,,mutual,5.198,5.294,5.246
556640,566,548,2025-07-07 01:12:26,2025-07-07 01:12:26,2025-07-08 01:12:26,P,N,2025-07-14 01:12:26,N,,mutual,3.712,3.742,3.727
556641,566,714,2025-07-07 01:12:26,2025-07-07 01:12:26,2025-07-08 01:12:26,P,N,2025-07-14 01:12:26,N,,mutual,3.173,3.297,3.235
556642,568,519,2025-07-07 01:12:27,2025-07-07 01:12:27,2025-07-08 01:12:27,P,N,2025-07-14 01:12:27,N,,mutual,3.695,3.738,3.717
556644,568,521,2025-07-07 01:12:27,2025-07-07 01:12:27,2025-07-08 01:12:27,P,N,2025-07-14 01:12:27,N,,mutual,5.084,5.07,5.077
556645,568,522,2025-07-07 01:12:27,2025-07-07 01:12:27,2025-07-08 01:12:27,P,N,2025-07-14 01:12:27,N,,mutual,4.646,4.716,4.681
556646,568,548,2025-07-07 01:12:27,2025-07-07 01:12:27,2025-07-08 01:12:27,P,N,2025-07-14 01:12:27,N,,mutual,4.739,4.691,4.715
556647,568,613,2025-07-07 01:12:27,2025-07-07 01:12:27,2025-07-08 01:12:27,P,N,2025-07-14 01:12:27,N,,mutual,3.968,4.044,4.006
556648,568,714,2025-07-07 01:12:27,2025-07-07 01:12:27,2025-07-08 01:12:27,P,N,2025-07-14 01:12:27,N,,mutual,4.297,4.395,4.346
556649,569,519,2025-07-07 01:12:28,2025-07-07 01:12:28,2025-07-08 01:12:28,P,N,2025-07-14 01:12:28,N,,mutual,4.97,5.054,5.012
556651,569,521,2025-07-07 01:12:28,2025-07-07 01:12:28,2025-07-08 01:12:28,P,N,2025-07-14 01:12:28,N,,mutual,3.869,3.9,3.885
556652,569,522,2025-07-07 01:12:28,2025-07-07 01:12:28,2025-07-08 01:12:28,P,N,2025-07-14 01:12:28,N,,mutual,5.485,5.511,5.498
556653,569,548,2025-07-07 01:12:28,2025-07-07 01:12:28,2025-07-08 01:12:28,P,N,2025-07-14 01:12:28,N,,mutual,3.595,3.587,3.591
556654,569,613,2025-07-07 01:12:28,2025-07-07 01:12:28,2025-07-08 01:12:28,P,N,2025-07-14 01:12:28,N,,mutual,3.093,3.248,3.171
556655,569,714,2025-07-07 01:12:28,2025-07-07 01:12:28,2025-07-08 01:12:28,P,N,2025-07-14 01:12:28,N,,mutual,3.036,3.077,3.056
556656,614,519,2025-07-07 01:12:29,2025-07-07 01:12:29,2025-07-08 01:12:29,P,N,2025-07-14 01:12:29,N,,mutual,3.171,3.139,3.155
556657,614,521,2025-07-07 01:12:29,2025-07-07 01:12:29,2025-07-08 01:12:29,P,N,2025-07-14 01:12:29,N,,mutual,4.392,4.32,4.356
556658,614,522,2025-07-07 01:12:29,2025-07-07 01:12:29,2025-07-08 01:12:29,P,N,2025-07-14 01:12:29,N,,mutual,3.639,3.614,3.626
556659,614,548,2025-07-07 01:12:29,2025-07-07 01:12:29,2025-07-08 01:12:29,P,N,2025-07-14 01:12:29,N,,mutual,4.945,4.836,4.89
556660,614,613,2025-07-07 01:12:29,2025-07-07 01:12:29,2025-07-08 01:12:29,P,N,2025-07-14 01:12:29,N,,mutual,3.057,3.037,3.047
556662,617,521,2025-07-07 01:12:30,2025-07-07 01:12:30,2025-07-08 01:12:30,P,N,2025-07-14 01:12:30,N,,mutual,4.25,4.197,4.224
556663,617,522,2025-07-07 01:12:30,2025-07-07 01:12:30,2025-07-08 01:12:30,P,N,2025-07-14 01:12:30,N,,mutual,3.387,3.418,3.403
556664,617,548,2025-07-07 01:12:30,2025-07-07 01:12:30,2025-07-08 01:12:30,P,N,2025-07-14 01:12:30,N,,mutual,5.148,5.045,5.097
556666,618,519,2025-07-07 01:12:31,2025-07-07 01:12:31,2025-07-08 01:12:31,P,N,2025-07-14 01:12:31,N,,mutual,3.005,3.019,3.012
556667,618,521,2025-07-07 01:12:31,2025-07-07 01:12:31,2025-07-08 01:12:31,P,N,2025-07-14 01:12:31,N,,mutual,4.238,4.25,4.244
556668,618,522,2025-07-07 01:12:31,2025-07-07 01:12:31,2025-07-08 01:12:31,P,N,2025-07-14 01:12:31,N,,mutual,3.485,3.476,3.481
556669,618,548,2025-07-07 01:12:31,2025-07-07 01:12:31,2025-07-08 01:12:31,P,N,2025-07-14 01:12:31,N,,mutual,5.233,5.171,5.202
556671,619,519,2025-07-07 01:12:32,2025-07-07 01:12:32,2025-07-08 01:12:32,P,N,2025-07-14 01:12:32,N,,mutual,3.019,3.0,3.01
556672,619,521,2025-07-07 01:12:32,2025-07-07 01:12:32,2025-07-08 01:12:32,P,N,2025-07-14 01:12:32,N,,mutual,4.231,4.168,4.199
556673,619,522,2025-07-07 01:12:32,2025-07-07 01:12:32,2025-07-08 01:12:32,P,N,2025-07-14 01:12:32,N,,mutual,3.572,3.545,3.558
556674,619,548,2025-07-07 01:12:32,2025-07-07 01:12:32,2025-07-08 01:12:32,P,N,2025-07-14 01:12:32,N,,mutual,5.072,5.025,5.048
556676,620,521,2025-07-07 01:12:33,2025-07-07 01:12:33,2025-07-08 01:12:33,P,N,2025-07-14 01:12:33,N,,mutual,4.231,4.196,4.214
556677,620,522,2025-07-07 01:12:33,2025-07-07 01:12:33,2025-07-08 01:12:33,P,N,2025-07-14 01:12:33,N,,mutual,3.448,3.443,3.446
556678,620,548,2025-07-07 01:12:33,2025-07-07 01:12:33,2025-07-08 01:12:33,P,N,2025-07-14 01:12:33,N,,mutual,5.281,5.147,5.214
556680,621,521,2025-07-07 01:12:34,2025-07-07 01:12:34,2025-07-08 01:12:34,P,N,2025-07-14 01:12:34,N,,mutual,4.153,4.126,4.139
556681,621,522,2025-07-07 01:12:34,2025-07-07 01:12:34,2025-07-08 01:12:34,P,N,2025-07-14 01:12:34,N,,mutual,3.498,3.467,3.483
556682,621,548,2025-07-07 01:12:34,2025-07-07 01:12:34,2025-07-08 01:12:34,P,N,2025-07-14 01:12:34,N,,mutual,5.254,5.103,5.179
556684,622,519,2025-07-07 01:12:35,2025-07-07 01:12:35,2025-07-08 01:12:35,P,N,2025-07-14 01:12:35,N,,mutual,3.202,3.187,3.195
556686,622,521,2025-07-07 01:12:35,2025-07-07 01:12:35,2025-07-08 01:12:35,P,N,2025-07-14 01:12:35,N,,mutual,4.432,4.35,4.391
556687,622,522,2025-07-07 01:12:35,2025-07-07 01:12:35,2025-07-08 01:12:35,P,N,2025-07-14 01:12:35,N,,mutual,3.27,3.227,3.248
556688,622,548,2025-07-07 01:12:35,2025-07-07 01:12:35,2025-07-08 01:12:35,P,N,2025-07-14 01:12:35,N,,mutual,4.844,4.775,4.81
556689,622,613,2025-07-07 01:12:35,2025-07-07 01:12:35,2025-07-08 01:12:35,P,N,2025-07-14 01:12:35,N,,mutual,3.049,3.064,3.057
556691,700,521,2025-07-07 01:12:36,2025-07-07 01:12:36,2025-07-08 01:12:36,P,N,2025-07-14 01:12:36,N,,mutual,4.227,4.166,4.196
556692,700,522,2025-07-07 01:12:36,2025-07-07 01:12:36,2025-07-08 01:12:36,P,N,2025-07-14 01:12:36,N,,mutual,3.552,3.493,3.522
556693,700,548,2025-07-07 01:12:36,2025-07-07 01:12:36,2025-07-08 01:12:36,P,N,2025-07-14 01:12:36,N,,mutual,5.13,5.035,5.083
556695,743,521,2025-07-07 01:12:37,2025-07-07 01:12:37,2025-07-08 01:12:37,P,N,2025-07-14 01:12:37,N,,mutual,4.055,3.994,4.024
556696,743,522,2025-07-07 01:12:37,2025-07-07 01:12:37,2025-07-08 01:12:37,P,N,2025-07-14 01:12:37,N,,mutual,3.46,3.365,3.413
556697,743,548,2025-07-07 01:12:37,2025-07-07 01:12:37,2025-07-08 01:12:37,P,N,2025-07-14 01:12:37,N,,mutual,5.023,4.905,4.964
